Codon,AA_Name,AA_Code,Count,Total_AA_Count,Num_Synonyms,RSCU
GCT,Alanine,A,165.0,306.0,4,2.156862745098039
GCC,Alanine,A,46.0,306.0,4,0.6013071895424836
GCA,Alanine,A,82.0,306.0,4,1.0718954248366013
GCG,Alanine,A,13.0,306.0,4,0.16993464052287582
CGT,Arginine,R,34.0,133.0,6,1.5338345864661653
CGC,Arginine,R,12.0,133.0,6,0.5413533834586466
CGA,Arginine,R,7.0,133.0,6,0.3157894736842105
CGG,Arginine,R,3.0,133.0,6,0.13533834586466165
AGA,Arginine,R,57.0,133.0,6,2.571428571428571
AGG,Arginine,R,20.0,133.0,6,0.9022556390977443
AAT,Asparagine,N,161.0,232.0,2,1.3879310344827587
AAC,Asparagine,N,71.0,232.0,2,0.6120689655172413
GAT,Aspartic_Acid,D,134.0,211.0,2,1.2701421800947867
GAC,Aspartic_Acid,D,77.0,211.0,2,0.7298578199052133
TGT,Cysteine,C,113.0,139.0,2,1.6258992805755397
TGC,Cysteine,C,26.0,139.0,2,0.37410071942446044
CAA,Glutamine,Q,98.0,151.0,2,1.2980132450331126
CAG,Glutamine,Q,53.0,151.0,2,0.7019867549668874
GAA,Glutamic_Acid,E,176.0,239.0,2,1.4728033472803348
GAG,Glutamic_Acid,E,63.0,239.0,2,0.5271966527196653
GGT,Glycine,G,169.0,261.0,4,2.5900383141762453
GGC,Glycine,G,42.0,261.0,4,0.6436781609195402
GGA,Glycine,G,44.0,261.0,4,0.6743295019157088
GGG,Glycine,G,6.0,261.0,4,0.09195402298850575
CAT,Histidine,H,53.0,76.0,2,1.394736842105263
CAC,Histidine,H,23.0,76.0,2,0.6052631578947368
ATT,Isoleucine,I,115.0,222.0,3,1.554054054054054
ATC,Isoleucine,I,38.0,222.0,3,0.5135135135135135
ATA,Isoleucine,I,69.0,222.0,3,0.9324324324324325
TTA,Leucine,L,117.0,435.0,6,1.6137931034482758
TTG,Leucine,L,89.0,435.0,6,1.2275862068965517
CTT,Leucine,L,129.0,435.0,6,1.7793103448275862
CTC,Leucine,L,38.0,435.0,6,0.5241379310344828
CTA,Leucine,L,46.0,435.0,6,0.6344827586206897
CTG,Leucine,L,16.0,435.0,6,0.2206896551724138
AAA,Lysine,K,174.0,274.0,2,1.27007299270073
AAG,Lysine,K,100.0,274.0,2,0.7299270072992701
ATG,Methionine,M,105.0,105.0,1,1.0
TTT,Phenylalanine,F,157.0,209.0,2,1.5023923444976077
TTC,Phenylalanine,F,52.0,209.0,2,0.49760765550239233
CCT,Proline,P,86.0,163.0,4,2.1104294478527605
CCC,Proline,P,10.0,163.0,4,0.24539877300613497
CCA,Proline,P,63.0,163.0,4,1.5460122699386503
CCG,Proline,P,4.0,163.0,4,0.09815950920245399
TCT,Serine,S,97.0,294.0,6,1.9795918367346939
TCC,Serine,S,21.0,294.0,6,0.42857142857142855
TCA,Serine,S,82.0,294.0,6,1.6734693877551021
TCG,Serine,S,5.0,294.0,6,0.10204081632653061
AGT,Serine,S,76.0,294.0,6,1.5510204081632653
AGC,Serine,S,13.0,294.0,6,0.2653061224489796
ACT,Threonine,T,157.0,341.0,4,1.8416422287390029
ACC,Threonine,T,31.0,341.0,4,0.36363636363636365
ACA,Threonine,T,141.0,341.0,4,1.653958944281525
ACG,Threonine,T,12.0,341.0,4,0.14076246334310852
TGG,Tryptophan,W,46.0,46.0,1,1.0
TAT,Tyrosine,Y,112.0,195.0,2,1.1487179487179486
TAC,Tyrosine,Y,83.0,195.0,2,0.8512820512820513
GTT,Valine,V,191.0,369.0,4,2.0704607046070462
GTC,Valine,V,43.0,369.0,4,0.46612466124661245
GTA,Valine,V,78.0,369.0,4,0.8455284552845529
GTG,Valine,V,57.0,369.0,4,0.6178861788617886
TAA,STOP,_,1.0,1.0,3,3.0
TAG,STOP,_,0.0,1.0,3,0.0
TGA,STOP,_,0.0,1.0,3,0.0
