Codon,AA_Name,AA_Code,RSCU_Replicase,RSCU_Spike,RSCU_Diff
GCT,Alanine,A,2.156862745098039,2.1298701298701297,-0.02699261522790941
GCC,Alanine,A,0.6013071895424836,0.4155844155844156,-0.18572277395806802
GCA,Alanine,A,1.0718954248366013,1.3506493506493507,0.2787539258127494
GCG,Alanine,A,0.16993464052287582,0.1038961038961039,-0.06603853662677192
CGT,Arginine,R,1.5338345864661653,1.6097560975609757,0.07592151109481038
CGC,Arginine,R,0.5413533834586466,0.14634146341463417,-0.3950119200440124
CGA,Arginine,R,0.3157894736842105,0.14634146341463417,-0.16944801026957634
CGG,Arginine,R,0.13533834586466165,0.29268292682926833,0.15734458096460668
AGA,Arginine,R,2.571428571428571,2.3414634146341466,-0.22996515679442453
AGG,Arginine,R,0.9022556390977443,1.4634146341463414,0.5611589950485971
AAT,Asparagine,N,1.3879310344827587,1.1764705882352942,-0.21146044624746452
AAC,Asparagine,N,0.6120689655172413,0.8235294117647058,0.21146044624746452
GAT,Aspartic_Acid,D,1.2701421800947867,1.3870967741935485,0.11695459409876174
GAC,Aspartic_Acid,D,0.7298578199052133,0.6129032258064516,-0.11695459409876163
TGT,Cysteine,C,1.6258992805755397,1.4,-0.22589928057553976
TGC,Cysteine,C,0.37410071942446044,0.6,0.22589928057553954
CAA,Glutamine,Q,1.2980132450331126,1.4915254237288136,0.19351217869570103
CAG,Glutamine,Q,0.7019867549668874,0.5084745762711864,-0.19351217869570103
GAA,Glutamic_Acid,E,1.4728033472803348,1.48,0.007196652719665186
GAG,Glutamic_Acid,E,0.5271966527196653,0.52,-0.007196652719665297
GGT,Glycine,G,2.5900383141762453,2.1951219512195124,-0.39491636295673294
GGC,Glycine,G,0.6436781609195402,0.7317073170731707,0.0880291561536305
GGA,Glycine,G,0.6743295019157088,0.8780487804878049,0.20371927857209604
GGG,Glycine,G,0.09195402298850575,0.1951219512195122,0.10316792823100646
CAT,Histidine,H,1.394736842105263,1.411764705882353,0.01702786377708998
CAC,Histidine,H,0.6052631578947368,0.5882352941176471,-0.017027863777089758
ATT,Isoleucine,I,1.554054054054054,1.6923076923076923,0.13825363825363834
ATC,Isoleucine,I,0.5135135135135135,0.5769230769230769,0.06340956340956339
ATA,Isoleucine,I,0.9324324324324325,0.7307692307692307,-0.20166320166320173
TTA,Leucine,L,1.6137931034482758,1.581818181818182,-0.031974921630093744
TTG,Leucine,L,1.2275862068965517,1.090909090909091,-0.13667711598746068
CTT,Leucine,L,1.7793103448275862,2.0727272727272728,0.29341692789968654
CTC,Leucine,L,0.5241379310344828,0.6000000000000001,0.07586206896551728
CTA,Leucine,L,0.6344827586206897,0.4363636363636364,-0.1981191222570533
CTG,Leucine,L,0.2206896551724138,0.2181818181818182,-0.002507836990595591
AAA,Lysine,K,1.27007299270073,1.2835820895522387,0.013509096851508806
AAG,Lysine,K,0.7299270072992701,0.7164179104477612,-0.013509096851508917
ATG,Methionine,M,1.0,1.0,0.0
TTT,Phenylalanine,F,1.5023923444976077,1.5128205128205128,0.010428168322905051
TTC,Phenylalanine,F,0.49760765550239233,0.48717948717948717,-0.010428168322905162
CCT,Proline,P,2.1104294478527605,1.9285714285714286,-0.18185801928133194
CCC,Proline,P,0.24539877300613497,0.21428571428571427,-0.031113058720420694
CCA,Proline,P,1.5460122699386503,1.7857142857142858,0.23970201577563555
CCG,Proline,P,0.09815950920245399,0.07142857142857142,-0.026730937773882565
TCT,Serine,S,1.9795918367346939,2.1599999999999997,0.18040816326530584
TCC,Serine,S,0.42857142857142855,0.6,0.17142857142857143
TCA,Serine,S,1.6734693877551021,1.6199999999999999,-0.05346938775510224
TCG,Serine,S,0.10204081632653061,0.18,0.07795918367346938
AGT,Serine,S,1.5510204081632653,1.0799999999999998,-0.4710204081632654
AGC,Serine,S,0.2653061224489796,0.36,0.09469387755102038
ACT,Threonine,T,1.8416422287390029,1.731958762886598,-0.10968346585240485
ACC,Threonine,T,0.36363636363636365,0.41237113402061853,0.04873477038425489
ACA,Threonine,T,1.653958944281525,1.6494845360824741,-0.004474408199050872
ACG,Threonine,T,0.14076246334310852,0.20618556701030927,0.06542310366720075
TGG,Tryptophan,W,1.0,1.0,0.0
TAT,Tyrosine,Y,1.1487179487179486,1.5636363636363637,0.4149184149184151
TAC,Tyrosine,Y,0.8512820512820513,0.43636363636363634,-0.4149184149184149
GTT,Valine,V,2.0704607046070462,2.0,-0.07046070460704623
GTC,Valine,V,0.46612466124661245,0.8636363636363636,0.3975117023897512
GTA,Valine,V,0.8455284552845529,0.6363636363636364,-0.20916481892091654
GTG,Valine,V,0.6178861788617886,0.5,-0.11788617886178865
TAA,STOP,_,3.0,1.5,-1.5
TAG,STOP,_,0.0,0.0,0.0
TGA,STOP,_,0.0,1.5,1.5
